S-64782676	yahoo	653	render	Sun Oct 05 23:06:22 EDT 2014
S-64782676	yahoo	654	render	Sun Oct 05 23:06:22 EDT 2014
S-64782676	yahoo	21	render	Sun Oct 05 23:06:22 EDT 2014
S-64782676	yahoo	369	render	Sun Oct 05 23:06:22 EDT 2014
S-64782676	yahoo	19	render	Sun Oct 05 23:06:22 EDT 2014
S-64782676	yahoo	637	render	Sun Oct 05 23:06:22 EDT 2014
S-64782676	yahoo	461	render	Sun Oct 05 23:06:22 EDT 2014
S-64782676	yahoo	98	render	Sun Oct 05 23:06:22 EDT 2014
S-64782676	yahoo	343	render	Sun Oct 05 23:06:22 EDT 2014
S-64782676	yahoo	277	render	Sun Oct 05 23:06:22 EDT 2014
S-64782676	yahoo	297	render	Sun Oct 05 23:06:22 EDT 2014
S-64782676	yahoo	52	render	Sun Oct 05 23:06:22 EDT 2014
S-64782676	yahoo	344	render	Sun Oct 05 23:06:22 EDT 2014
S-64782676	yahoo	354	render	Sun Oct 05 23:06:22 EDT 2014
S-64782676	yahoo	640	render	Sun Oct 05 23:06:22 EDT 2014
S-64782676	yahoo	336	render	Sun Oct 05 23:06:22 EDT 2014
S-64782676	yahoo	492	render	Sun Oct 05 23:06:22 EDT 2014
S-64782676	yahoo	493	render	Sun Oct 05 23:06:22 EDT 2014
S-64782676	yahoo	345	render	Sun Oct 05 23:06:22 EDT 2014
S-64782676	yahoo	518	render	Sun Oct 05 23:06:22 EDT 2014
S-64782676	yahoo	519	render	Sun Oct 05 23:06:22 EDT 2014
S-64782676	yahoo	326	render	Sun Oct 05 23:06:22 EDT 2014
S-64782676	yahoo	247	render	Sun Oct 05 23:06:22 EDT 2014
S-64782676	yahoo	522	render	Sun Oct 05 23:06:22 EDT 2014
S-64782676	yahoo	239	render	Sun Oct 05 23:06:22 EDT 2014
S-64782676	yahoo	123	render	Sun Oct 05 23:06:22 EDT 2014
S-64782676	yahoo	295	render	Sun Oct 05 23:06:22 EDT 2014
S-64782676	yahoo	520	render	Sun Oct 05 23:06:22 EDT 2014
S-64782676	yahoo	401	render	Sun Oct 05 23:06:22 EDT 2014
S-64782676	yahoo	337	render	Sun Oct 05 23:06:22 EDT 2014
S-64782676	yahoo	58	render	Sun Oct 05 23:06:22 EDT 2014
S-64782676	yahoo	485	render	Sun Oct 05 23:06:22 EDT 2014
S-64782676	yahoo	228	render	Sun Oct 05 23:06:22 EDT 2014
S-64782676	yahoo	246	render	Sun Oct 05 23:06:22 EDT 2014
S-64782676	yahoo	532	render	Sun Oct 05 23:06:22 EDT 2014
S-64782676	yahoo	644	render	Sun Oct 05 23:06:22 EDT 2014
S-64782676	yahoo	512	render	Sun Oct 05 23:06:22 EDT 2014
S-64782676	yahoo	419	render	Sun Oct 05 23:06:22 EDT 2014
S-64782676	yahoo	638	render	Sun Oct 05 23:06:22 EDT 2014
S-64782676	yahoo	427	render	Sun Oct 05 23:06:22 EDT 2014
S-64782676	yahoo	190	render	Sun Oct 05 23:06:22 EDT 2014
S-64782676	yahoo	187	render	Sun Oct 05 23:06:22 EDT 2014
S-64782676	yahoo	622	render	Sun Oct 05 23:06:22 EDT 2014
S-64782676	yahoo	550	render	Sun Oct 05 23:06:22 EDT 2014
S-64782676	yahoo	434	render	Sun Oct 05 23:06:22 EDT 2014
S-64782676	yahoo	4	render	Sun Oct 05 23:06:22 EDT 2014
S-64782676	yahoo	5	render	Sun Oct 05 23:06:22 EDT 2014
S-64782676	yahoo	9	render	Sun Oct 05 23:06:22 EDT 2014
S-64782676	yahoo	15	render	Sun Oct 05 23:06:22 EDT 2014
S-64782676	yahoo	275	render	Sun Oct 05 23:06:22 EDT 2014
S-64782676	yahoo	244	render	Sun Oct 05 23:06:22 EDT 2014
S-64782676	yahoo	636	render	Sun Oct 05 23:06:22 EDT 2014
S-64782676	yahoo	263	render	Sun Oct 05 23:06:22 EDT 2014
S-64782676	yahoo	35	render	Sun Oct 05 23:06:22 EDT 2014
S-64782676	yahoo	184	render	Sun Oct 05 23:06:22 EDT 2014
S-64782676	yahoo	373	render	Sun Oct 05 23:06:22 EDT 2014
S-64782676	yahoo	235	render	Sun Oct 05 23:06:22 EDT 2014
S-64782676	yahoo	209	render	Sun Oct 05 23:06:22 EDT 2014
S-64782676	yahoo	356	render	Sun Oct 05 23:06:22 EDT 2014
S-64782676	yahoo	45	render	Sun Oct 05 23:06:22 EDT 2014
S-64782676	yahoo	633	render	Sun Oct 05 23:06:22 EDT 2014
S-64782676	yahoo	199	render	Sun Oct 05 23:06:22 EDT 2014
S-64782676	yahoo	179	render	Sun Oct 05 23:06:22 EDT 2014
S-64782676	yahoo	194	render	Sun Oct 05 23:06:22 EDT 2014
S-64782676	yahoo	613	render	Sun Oct 05 23:06:22 EDT 2014
S-64782676	yahoo	466	render	Sun Oct 05 23:06:22 EDT 2014
S-64782676	yahoo	514	render	Sun Oct 05 23:06:22 EDT 2014
S-64782676	yahoo	627	render	Sun Oct 05 23:06:22 EDT 2014
S-64782676	yahoo	628	render	Sun Oct 05 23:06:22 EDT 2014
S-64782676	yahoo	533	render	Sun Oct 05 23:06:22 EDT 2014
S-64782676	yahoo	250	render	Sun Oct 05 23:06:22 EDT 2014
S-64782676	yahoo	248	render	Sun Oct 05 23:06:22 EDT 2014
S-64782676	yahoo	348	render	Sun Oct 05 23:06:22 EDT 2014
S-64782676	yahoo	75	render	Sun Oct 05 23:06:22 EDT 2014
S-64782676	yahoo	625	render	Sun Oct 05 23:06:22 EDT 2014
S-64782676	yahoo	626	render	Sun Oct 05 23:06:22 EDT 2014
S-64782676	yahoo	357	render	Sun Oct 05 23:06:22 EDT 2014
S-64782676	yahoo	130	render	Sun Oct 05 23:06:22 EDT 2014
S-64782676	yahoo	410	render	Sun Oct 05 23:06:22 EDT 2014
S-64782676	yahoo	76	render	Sun Oct 05 23:06:22 EDT 2014
S-64782676	yahoo	80	render	Sun Oct 05 23:06:22 EDT 2014
S-64782676	yahoo	440	render	Sun Oct 05 23:06:22 EDT 2014
S-64782676	yahoo	535	render	Sun Oct 05 23:06:22 EDT 2014
S-64782676	yahoo	293	render	Sun Oct 05 23:06:22 EDT 2014
S-64782676	yahoo	219	render	Sun Oct 05 23:06:22 EDT 2014
S-64782676	yahoo	268	render	Sun Oct 05 23:06:22 EDT 2014
S-64782676	yahoo	564	render	Sun Oct 05 23:06:22 EDT 2014
S-64782676	yahoo	655	render	Sun Oct 05 23:06:22 EDT 2014
S-64782676	yahoo	170	render	Sun Oct 05 23:06:22 EDT 2014
S-64782676	yahoo	79	render	Sun Oct 05 23:06:22 EDT 2014
S-64782676	yahoo	62	render	Sun Oct 05 23:06:22 EDT 2014
S-64782676	yahoo	402	render	Sun Oct 05 23:06:22 EDT 2014
S-64782676	yahoo	497	render	Sun Oct 05 23:06:22 EDT 2014
S-64782676	yahoo	465	render	Sun Oct 05 23:06:22 EDT 2014
S-64782676	yahoo	567	render	Sun Oct 05 23:06:22 EDT 2014
S-64782676	yahoo	438	render	Sun Oct 05 23:06:22 EDT 2014
S-64782676	yahoo	648	render	Sun Oct 05 23:06:22 EDT 2014
S-64782676	yahoo	257	render	Sun Oct 05 23:06:22 EDT 2014
S-64782676	yahoo	506	render	Sun Oct 05 23:06:22 EDT 2014
S-64782676	yahoo	224	render	Sun Oct 05 23:06:22 EDT 2014
S-64782676	yahoo	135	render	Sun Oct 05 23:06:22 EDT 2014
S-64782676	yahoo	650	render	Sun Oct 05 23:06:22 EDT 2014
S-64782676	yahoo	204	render	Sun Oct 05 23:06:22 EDT 2014
S-64782676	yahoo	133	render	Sun Oct 05 23:06:22 EDT 2014
S-64782676	yahoo	433	render	Sun Oct 05 23:06:22 EDT 2014
S-64782676	yahoo	379	render	Sun Oct 05 23:06:22 EDT 2014
S-64782676	yahoo	192	render	Sun Oct 05 23:06:22 EDT 2014
S-64782676	yahoo	423	render	Sun Oct 05 23:06:22 EDT 2014
S-64782676	yahoo	584	render	Sun Oct 05 23:06:22 EDT 2014
S-64782676	yahoo	249	render	Sun Oct 05 23:06:22 EDT 2014
S-64782676	yahoo	73	render	Sun Oct 05 23:06:22 EDT 2014
S-64782676	yahoo	68	render	Sun Oct 05 23:06:22 EDT 2014
S-64782676	yahoo	439	render	Sun Oct 05 23:06:22 EDT 2014
S-64782676	yahoo	137	render	Sun Oct 05 23:06:22 EDT 2014
S-64782676	yahoo	173	render	Sun Oct 05 23:06:22 EDT 2014
S-64782676	yahoo	361	render	Sun Oct 05 23:06:22 EDT 2014
S-64782676	yahoo	162	render	Sun Oct 05 23:06:22 EDT 2014
S-64782676	yahoo	63	render	Sun Oct 05 23:06:22 EDT 2014
S-64782676	yahoo	61	render	Sun Oct 05 23:06:22 EDT 2014
S-64782676	yahoo	437	render	Sun Oct 05 23:06:22 EDT 2014
S-64782676	yahoo	304	render	Sun Oct 05 23:06:22 EDT 2014
S-64782676	yahoo	396	render	Sun Oct 05 23:06:22 EDT 2014
S-64782676	yahoo	269	render	Sun Oct 05 23:06:22 EDT 2014
S-64782676	yahoo	152	render	Sun Oct 05 23:06:22 EDT 2014
S-64782676	yahoo	454	render	Sun Oct 05 23:06:22 EDT 2014
S-64782676	yahoo	99	render	Sun Oct 05 23:06:22 EDT 2014
S-64782676	yahoo	370	render	Sun Oct 05 23:06:22 EDT 2014
S-64782676	yahoo	647	render	Sun Oct 05 23:06:22 EDT 2014
S-64782676	yahoo	351	render	Sun Oct 05 23:06:22 EDT 2014
S-64782676	yahoo	462	render	Sun Oct 05 23:06:22 EDT 2014
S-64782676	yahoo	161	render	Sun Oct 05 23:06:22 EDT 2014
S-64782676	yahoo	266	render	Sun Oct 05 23:06:22 EDT 2014
S-64782676	yahoo	608	render	Sun Oct 05 23:06:22 EDT 2014
S-64782676	yahoo	234	render	Sun Oct 05 23:06:22 EDT 2014
S-64782676	yahoo	261	render	Sun Oct 05 23:06:22 EDT 2014
S-64782676	yahoo	495	render	Sun Oct 05 23:06:22 EDT 2014
S-64782676	yahoo	82	render	Sun Oct 05 23:06:22 EDT 2014
S-64782676	yahoo	72	render	Sun Oct 05 23:06:22 EDT 2014
S-64782676	yahoo	74	render	Sun Oct 05 23:06:22 EDT 2014
S-64782676	yahoo	639	render	Sun Oct 05 23:06:22 EDT 2014
S-64782676	yahoo	151	render	Sun Oct 05 23:06:22 EDT 2014
S-64782676	yahoo	317	render	Sun Oct 05 23:06:22 EDT 2014
S-64782676	yahoo	605	render	Sun Oct 05 23:06:22 EDT 2014
S-64782676	yahoo	163	render	Sun Oct 05 23:06:22 EDT 2014
S-64782676	yahoo	273	render	Sun Oct 05 23:06:22 EDT 2014
S-64782676	yahoo	364	render	Sun Oct 05 23:06:22 EDT 2014
S-64782676	yahoo	508	render	Sun Oct 05 23:06:22 EDT 2014
S-64782676	yahoo	538	render	Sun Oct 05 23:06:22 EDT 2014
S-64782676	yahoo	28	render	Sun Oct 05 23:06:22 EDT 2014
S-64782676	yahoo	215	render	Sun Oct 05 23:06:22 EDT 2014
S-64782676	yahoo	254	render	Sun Oct 05 23:06:22 EDT 2014
S-64782676	yahoo	368	render	Sun Oct 05 23:06:22 EDT 2014
S-64782676	yahoo	131	render	Sun Oct 05 23:06:22 EDT 2014
S-64782676	yahoo	267	render	Sun Oct 05 23:06:22 EDT 2014
S-64782676	yahoo	288	render	Sun Oct 05 23:06:22 EDT 2014
S-64782676	yahoo	395	render	Sun Oct 05 23:06:22 EDT 2014
S-64782676	yahoo	12	render	Sun Oct 05 23:06:22 EDT 2014
S-64782676	yahoo	374	render	Sun Oct 05 23:06:22 EDT 2014
S-64782676	yahoo	403	render	Sun Oct 05 23:06:22 EDT 2014
S-64782676	yahoo	469	render	Sun Oct 05 23:06:22 EDT 2014
S-64782676	yahoo	59	render	Sun Oct 05 23:06:22 EDT 2014
S-64782676	yahoo	353	render	Sun Oct 05 23:06:22 EDT 2014
S-64782676	yahoo	472	render	Sun Oct 05 23:06:22 EDT 2014
S-64782676	yahoo	500	render	Sun Oct 05 23:06:22 EDT 2014
S-64782676	yahoo	559	render	Sun Oct 05 23:06:22 EDT 2014
S-64782676	yahoo	658	render	Sun Oct 05 23:06:22 EDT 2014
S-64782676	yahoo	36	render	Sun Oct 05 23:06:22 EDT 2014
S-64782676	yahoo	167	render	Sun Oct 05 23:06:22 EDT 2014
S-64782676	yahoo	203	render	Sun Oct 05 23:06:22 EDT 2014
S-64782676	yahoo	315	render	Sun Oct 05 23:06:22 EDT 2014
S-64782676	yahoo	367	render	Sun Oct 05 23:06:22 EDT 2014
S-64782676	yahoo	400	render	Sun Oct 05 23:06:22 EDT 2014
S-64782676	yahoo	421	render	Sun Oct 05 23:06:22 EDT 2014
S-64782676	yahoo	436	render	Sun Oct 05 23:06:22 EDT 2014
S-64782676	yahoo	471	render	Sun Oct 05 23:06:22 EDT 2014
S-64782676	yahoo	476	render	Sun Oct 05 23:06:22 EDT 2014
S-64782676	yahoo	479	render	Sun Oct 05 23:06:22 EDT 2014
S-64782676	yahoo	507	render	Sun Oct 05 23:06:22 EDT 2014
S-64782676	yahoo	624	render	Sun Oct 05 23:06:22 EDT 2014
S-64782676	yahoo	1	render	Sun Oct 05 23:06:22 EDT 2014
S-64782676	yahoo	34	render	Sun Oct 05 23:06:22 EDT 2014
S-64782676	yahoo	65	render	Sun Oct 05 23:06:22 EDT 2014
S-64782676	yahoo	87	render	Sun Oct 05 23:06:22 EDT 2014
S-64782676	yahoo	110	render	Sun Oct 05 23:06:22 EDT 2014
S-64782676	yahoo	116	render	Sun Oct 05 23:06:22 EDT 2014
S-64782676	yahoo	238	render	Sun Oct 05 23:06:22 EDT 2014
S-64782676	yahoo	313	render	Sun Oct 05 23:06:22 EDT 2014
S-64782676	yahoo	363	render	Sun Oct 05 23:06:22 EDT 2014
S-64782676	yahoo	394	render	Sun Oct 05 23:06:22 EDT 2014
S-64782676	yahoo	431	render	Sun Oct 05 23:06:22 EDT 2014
S-64782676	yahoo	432	render	Sun Oct 05 23:06:22 EDT 2014
S-64782676	yahoo	482	render	Sun Oct 05 23:06:22 EDT 2014
S-64782676	yahoo	575	render	Sun Oct 05 23:06:22 EDT 2014
S-64782676	yahoo	607	render	Sun Oct 05 23:06:22 EDT 2014
S-64782676	yahoo	631	render	Sun Oct 05 23:06:22 EDT 2014
S-64782676	yahoo	646	render	Sun Oct 05 23:06:22 EDT 2014
S-64782676	yahoo	6	render	Sun Oct 05 23:06:22 EDT 2014
S-64782676	yahoo	30	render	Sun Oct 05 23:06:22 EDT 2014
S-64782676	yahoo	31	render	Sun Oct 05 23:06:22 EDT 2014
S-64782676	yahoo	33	render	Sun Oct 05 23:06:22 EDT 2014
S-64782676	yahoo	90	render	Sun Oct 05 23:06:22 EDT 2014
S-64782676	yahoo	129	render	Sun Oct 05 23:06:22 EDT 2014
S-64782676	yahoo	242	render	Sun Oct 05 23:06:22 EDT 2014
S-64782676	yahoo	449	render	Sun Oct 05 23:06:22 EDT 2014
S-64782676	yahoo	549	render	Sun Oct 05 23:06:22 EDT 2014
S-64782676	yahoo	565	render	Sun Oct 05 23:06:22 EDT 2014
S-64782676	yahoo	579	render	Sun Oct 05 23:06:22 EDT 2014
S-64782676	yahoo	649	render	Sun Oct 05 23:06:22 EDT 2014
S-64782676	yahoo	7	render	Sun Oct 05 23:06:22 EDT 2014
S-64782676	yahoo	16	render	Sun Oct 05 23:06:22 EDT 2014
S-64782676	yahoo	22	render	Sun Oct 05 23:06:22 EDT 2014
S-64782676	yahoo	49	render	Sun Oct 05 23:06:22 EDT 2014
S-64782676	yahoo	54	render	Sun Oct 05 23:06:22 EDT 2014
S-64782676	yahoo	57	render	Sun Oct 05 23:06:22 EDT 2014
S-64782676	yahoo	71	render	Sun Oct 05 23:06:22 EDT 2014
S-64782676	yahoo	77	render	Sun Oct 05 23:06:22 EDT 2014
S-64782676	yahoo	84	render	Sun Oct 05 23:06:22 EDT 2014
S-64782676	yahoo	113	render	Sun Oct 05 23:06:22 EDT 2014
S-64782676	yahoo	127	render	Sun Oct 05 23:06:22 EDT 2014
S-64782676	yahoo	138	render	Sun Oct 05 23:06:22 EDT 2014
S-64782676	yahoo	150	render	Sun Oct 05 23:06:22 EDT 2014
S-64782676	yahoo	183	render	Sun Oct 05 23:06:22 EDT 2014
S-64782676	yahoo	205	render	Sun Oct 05 23:06:22 EDT 2014
S-64782676	yahoo	208	render	Sun Oct 05 23:06:22 EDT 2014
S-64782676	yahoo	211	render	Sun Oct 05 23:06:22 EDT 2014
S-64782676	yahoo	222	render	Sun Oct 05 23:06:22 EDT 2014
S-64782676	yahoo	226	render	Sun Oct 05 23:06:22 EDT 2014
S-64782676	yahoo	230	render	Sun Oct 05 23:06:22 EDT 2014
S-64782676	yahoo	258	render	Sun Oct 05 23:06:22 EDT 2014
S-64782676	yahoo	260	render	Sun Oct 05 23:06:22 EDT 2014
S-64782676	yahoo	265	render	Sun Oct 05 23:06:22 EDT 2014
S-64782676	yahoo	279	render	Sun Oct 05 23:06:22 EDT 2014
S-64782676	yahoo	285	render	Sun Oct 05 23:06:22 EDT 2014
S-64782676	yahoo	296	render	Sun Oct 05 23:06:22 EDT 2014
S-64782676	yahoo	301	render	Sun Oct 05 23:06:22 EDT 2014
S-64782676	yahoo	311	render	Sun Oct 05 23:06:22 EDT 2014
S-64782676	yahoo	314	render	Sun Oct 05 23:06:22 EDT 2014
S-64782676	yahoo	339	render	Sun Oct 05 23:06:22 EDT 2014
S-64782676	yahoo	349	render	Sun Oct 05 23:06:22 EDT 2014
S-64782676	yahoo	355	render	Sun Oct 05 23:06:22 EDT 2014
S-64782676	yahoo	397	render	Sun Oct 05 23:06:22 EDT 2014
S-64782676	yahoo	409	render	Sun Oct 05 23:06:22 EDT 2014
S-64782676	yahoo	414	render	Sun Oct 05 23:06:22 EDT 2014
S-64782676	yahoo	451	render	Sun Oct 05 23:06:22 EDT 2014
S-64782676	yahoo	457	render	Sun Oct 05 23:06:22 EDT 2014
S-64782676	yahoo	459	render	Sun Oct 05 23:06:22 EDT 2014
S-64782676	yahoo	470	render	Sun Oct 05 23:06:22 EDT 2014
S-64782676	yahoo	539	render	Sun Oct 05 23:06:22 EDT 2014
S-64782676	yahoo	554	render	Sun Oct 05 23:06:22 EDT 2014
S-64782676	yahoo	574	render	Sun Oct 05 23:06:22 EDT 2014
S-64782676	yahoo	578	render	Sun Oct 05 23:06:22 EDT 2014
S-64782676	yahoo	595	render	Sun Oct 05 23:06:22 EDT 2014
S-64782676	yahoo	597	render	Sun Oct 05 23:06:22 EDT 2014
S-64782676	yahoo	602	render	Sun Oct 05 23:06:22 EDT 2014
S-64782676	yahoo	615	render	Sun Oct 05 23:06:22 EDT 2014
S-64782676	yahoo	632	render	Sun Oct 05 23:06:22 EDT 2014
S-64782676	yahoo	0	render	Sun Oct 05 23:06:22 EDT 2014
S-64782676	yahoo	2	render	Sun Oct 05 23:06:22 EDT 2014
S-64782676	yahoo	3	render	Sun Oct 05 23:06:22 EDT 2014
S-64782676	yahoo	8	render	Sun Oct 05 23:06:22 EDT 2014
S-64782676	yahoo	10	render	Sun Oct 05 23:06:22 EDT 2014
S-64782676	yahoo	11	render	Sun Oct 05 23:06:22 EDT 2014
S-64782676	yahoo	13	render	Sun Oct 05 23:06:22 EDT 2014
S-64782676	yahoo	14	render	Sun Oct 05 23:06:22 EDT 2014
S-64782676	yahoo	17	render	Sun Oct 05 23:06:22 EDT 2014
S-64782676	yahoo	18	render	Sun Oct 05 23:06:22 EDT 2014
S-64782676	yahoo	20	render	Sun Oct 05 23:06:22 EDT 2014
S-64782676	yahoo	23	render	Sun Oct 05 23:06:22 EDT 2014
S-64782676	yahoo	24	render	Sun Oct 05 23:06:22 EDT 2014
S-64782676	yahoo	25	render	Sun Oct 05 23:06:22 EDT 2014
S-64782676	yahoo	26	render	Sun Oct 05 23:06:22 EDT 2014
S-64782676	yahoo	27	render	Sun Oct 05 23:06:22 EDT 2014
S-64782676	yahoo	29	render	Sun Oct 05 23:06:22 EDT 2014
S-64782676	yahoo	32	render	Sun Oct 05 23:06:22 EDT 2014
S-64782676	yahoo	37	render	Sun Oct 05 23:06:22 EDT 2014
S-64782676	yahoo	38	render	Sun Oct 05 23:06:22 EDT 2014
S-64782676	yahoo	39	render	Sun Oct 05 23:06:22 EDT 2014
S-64782676	yahoo	40	render	Sun Oct 05 23:06:22 EDT 2014
S-64782676	yahoo	41	render	Sun Oct 05 23:06:22 EDT 2014
S-64782676	yahoo	42	render	Sun Oct 05 23:06:22 EDT 2014
S-64782676	yahoo	43	render	Sun Oct 05 23:06:22 EDT 2014
S-64782676	yahoo	44	render	Sun Oct 05 23:06:22 EDT 2014
S-64782676	yahoo	46	render	Sun Oct 05 23:06:22 EDT 2014
S-64782676	yahoo	47	render	Sun Oct 05 23:06:22 EDT 2014
S-64782676	yahoo	48	render	Sun Oct 05 23:06:22 EDT 2014
S-64782676	yahoo	50	render	Sun Oct 05 23:06:22 EDT 2014
S-64782676	yahoo	51	render	Sun Oct 05 23:06:22 EDT 2014
S-64782676	yahoo	53	render	Sun Oct 05 23:06:22 EDT 2014
S-64782676	yahoo	55	render	Sun Oct 05 23:06:22 EDT 2014
S-64782676	yahoo	56	render	Sun Oct 05 23:06:22 EDT 2014
S-64782676	yahoo	60	render	Sun Oct 05 23:06:22 EDT 2014
S-64782676	yahoo	64	render	Sun Oct 05 23:06:22 EDT 2014
S-64782676	yahoo	66	render	Sun Oct 05 23:06:22 EDT 2014
S-64782676	yahoo	67	render	Sun Oct 05 23:06:22 EDT 2014
S-64782676	yahoo	69	render	Sun Oct 05 23:06:22 EDT 2014
S-64782676	yahoo	70	render	Sun Oct 05 23:06:22 EDT 2014
S-64782676	yahoo	78	render	Sun Oct 05 23:06:22 EDT 2014
S-64782676	yahoo	81	render	Sun Oct 05 23:06:22 EDT 2014
S-64782676	yahoo	83	render	Sun Oct 05 23:06:22 EDT 2014
S-64782676	yahoo	85	render	Sun Oct 05 23:06:22 EDT 2014
S-64782676	yahoo	86	render	Sun Oct 05 23:06:22 EDT 2014
S-64782676	yahoo	88	render	Sun Oct 05 23:06:22 EDT 2014
S-64782676	yahoo	89	render	Sun Oct 05 23:06:22 EDT 2014
S-64782676	yahoo	91	render	Sun Oct 05 23:06:22 EDT 2014
S-64782676	yahoo	92	render	Sun Oct 05 23:06:22 EDT 2014
S-64782676	yahoo	93	render	Sun Oct 05 23:06:22 EDT 2014
S-64782676	yahoo	94	render	Sun Oct 05 23:06:22 EDT 2014
S-64782676	yahoo	95	render	Sun Oct 05 23:06:22 EDT 2014
S-64782676	yahoo	96	render	Sun Oct 05 23:06:22 EDT 2014
S-64782676	yahoo	97	render	Sun Oct 05 23:06:22 EDT 2014
S-64782676	yahoo	100	render	Sun Oct 05 23:06:22 EDT 2014
S-64782676	yahoo	101	render	Sun Oct 05 23:06:22 EDT 2014
S-64782676	yahoo	102	render	Sun Oct 05 23:06:22 EDT 2014
S-64782676	yahoo	103	render	Sun Oct 05 23:06:22 EDT 2014
S-64782676	yahoo	104	render	Sun Oct 05 23:06:22 EDT 2014
S-64782676	yahoo	105	render	Sun Oct 05 23:06:22 EDT 2014
S-64782676	yahoo	106	render	Sun Oct 05 23:06:22 EDT 2014
S-64782676	yahoo	107	render	Sun Oct 05 23:06:22 EDT 2014
S-64782676	yahoo	108	render	Sun Oct 05 23:06:22 EDT 2014
S-64782676	yahoo	109	render	Sun Oct 05 23:06:22 EDT 2014
S-64782676	yahoo	111	render	Sun Oct 05 23:06:22 EDT 2014
S-64782676	yahoo	112	render	Sun Oct 05 23:06:22 EDT 2014
S-64782676	yahoo	114	render	Sun Oct 05 23:06:22 EDT 2014
S-64782676	yahoo	115	render	Sun Oct 05 23:06:22 EDT 2014
S-64782676	yahoo	117	render	Sun Oct 05 23:06:22 EDT 2014
S-64782676	yahoo	118	render	Sun Oct 05 23:06:22 EDT 2014
S-64782676	yahoo	119	render	Sun Oct 05 23:06:22 EDT 2014
S-64782676	yahoo	120	render	Sun Oct 05 23:06:22 EDT 2014
S-64782676	yahoo	121	render	Sun Oct 05 23:06:22 EDT 2014
S-64782676	yahoo	122	render	Sun Oct 05 23:06:22 EDT 2014
S-64782676	yahoo	124	render	Sun Oct 05 23:06:22 EDT 2014
S-64782676	yahoo	125	render	Sun Oct 05 23:06:22 EDT 2014
S-64782676	yahoo	126	render	Sun Oct 05 23:06:22 EDT 2014
S-64782676	yahoo	128	render	Sun Oct 05 23:06:22 EDT 2014
S-64782676	yahoo	132	render	Sun Oct 05 23:06:22 EDT 2014
S-64782676	yahoo	134	render	Sun Oct 05 23:06:22 EDT 2014
S-64782676	yahoo	136	render	Sun Oct 05 23:06:22 EDT 2014
S-64782676	yahoo	139	render	Sun Oct 05 23:06:22 EDT 2014
S-64782676	yahoo	140	render	Sun Oct 05 23:06:22 EDT 2014
S-64782676	yahoo	141	render	Sun Oct 05 23:06:22 EDT 2014
S-64782676	yahoo	142	render	Sun Oct 05 23:06:22 EDT 2014
S-64782676	yahoo	143	render	Sun Oct 05 23:06:22 EDT 2014
S-64782676	yahoo	144	render	Sun Oct 05 23:06:22 EDT 2014
S-64782676	yahoo	145	render	Sun Oct 05 23:06:22 EDT 2014
S-64782676	yahoo	146	render	Sun Oct 05 23:06:22 EDT 2014
S-64782676	yahoo	147	render	Sun Oct 05 23:06:22 EDT 2014
S-64782676	yahoo	148	render	Sun Oct 05 23:06:22 EDT 2014
S-64782676	yahoo	149	render	Sun Oct 05 23:06:22 EDT 2014
S-64782676	yahoo	153	render	Sun Oct 05 23:06:22 EDT 2014
S-64782676	yahoo	154	render	Sun Oct 05 23:06:22 EDT 2014
S-64782676	yahoo	155	render	Sun Oct 05 23:06:22 EDT 2014
S-64782676	yahoo	156	render	Sun Oct 05 23:06:22 EDT 2014
S-64782676	yahoo	157	render	Sun Oct 05 23:06:22 EDT 2014
S-64782676	yahoo	158	render	Sun Oct 05 23:06:22 EDT 2014
S-64782676	yahoo	159	render	Sun Oct 05 23:06:22 EDT 2014
S-64782676	yahoo	160	render	Sun Oct 05 23:06:22 EDT 2014
S-64782676	yahoo	164	render	Sun Oct 05 23:06:22 EDT 2014
S-64782676	yahoo	165	render	Sun Oct 05 23:06:22 EDT 2014
S-64782676	yahoo	166	render	Sun Oct 05 23:06:22 EDT 2014
S-64782676	yahoo	168	render	Sun Oct 05 23:06:22 EDT 2014
S-64782676	yahoo	169	render	Sun Oct 05 23:06:22 EDT 2014
S-64782676	yahoo	171	render	Sun Oct 05 23:06:22 EDT 2014
S-64782676	yahoo	172	render	Sun Oct 05 23:06:22 EDT 2014
S-64782676	yahoo	174	render	Sun Oct 05 23:06:22 EDT 2014
S-64782676	yahoo	175	render	Sun Oct 05 23:06:22 EDT 2014
S-64782676	yahoo	176	render	Sun Oct 05 23:06:22 EDT 2014
S-64782676	yahoo	177	render	Sun Oct 05 23:06:22 EDT 2014
S-64782676	yahoo	178	render	Sun Oct 05 23:06:22 EDT 2014
S-64782676	yahoo	180	render	Sun Oct 05 23:06:22 EDT 2014
S-64782676	yahoo	181	render	Sun Oct 05 23:06:22 EDT 2014
S-64782676	yahoo	182	render	Sun Oct 05 23:06:22 EDT 2014
S-64782676	yahoo	185	render	Sun Oct 05 23:06:22 EDT 2014
S-64782676	yahoo	186	render	Sun Oct 05 23:06:22 EDT 2014
S-64782676	yahoo	188	render	Sun Oct 05 23:06:22 EDT 2014
S-64782676	yahoo	189	render	Sun Oct 05 23:06:22 EDT 2014
S-64782676	yahoo	191	render	Sun Oct 05 23:06:22 EDT 2014
S-64782676	yahoo	193	render	Sun Oct 05 23:06:22 EDT 2014
S-64782676	yahoo	195	render	Sun Oct 05 23:06:22 EDT 2014
S-64782676	yahoo	196	render	Sun Oct 05 23:06:22 EDT 2014
S-64782676	yahoo	197	render	Sun Oct 05 23:06:22 EDT 2014
S-64782676	yahoo	198	render	Sun Oct 05 23:06:22 EDT 2014
S-64782676	yahoo	200	render	Sun Oct 05 23:06:22 EDT 2014
S-64782676	yahoo	201	render	Sun Oct 05 23:06:22 EDT 2014
S-64782676	yahoo	202	render	Sun Oct 05 23:06:22 EDT 2014
S-64782676	yahoo	206	render	Sun Oct 05 23:06:22 EDT 2014
S-64782676	yahoo	207	render	Sun Oct 05 23:06:22 EDT 2014
S-64782676	yahoo	210	render	Sun Oct 05 23:06:22 EDT 2014
S-64782676	yahoo	212	render	Sun Oct 05 23:06:22 EDT 2014
S-64782676	yahoo	213	render	Sun Oct 05 23:06:22 EDT 2014
S-64782676	yahoo	214	render	Sun Oct 05 23:06:22 EDT 2014
S-64782676	yahoo	216	render	Sun Oct 05 23:06:22 EDT 2014
S-64782676	yahoo	217	render	Sun Oct 05 23:06:22 EDT 2014
S-64782676	yahoo	218	render	Sun Oct 05 23:06:22 EDT 2014
S-64782676	yahoo	220	render	Sun Oct 05 23:06:22 EDT 2014
S-64782676	yahoo	221	render	Sun Oct 05 23:06:22 EDT 2014
S-64782676	yahoo	223	render	Sun Oct 05 23:06:22 EDT 2014
S-64782676	yahoo	225	render	Sun Oct 05 23:06:22 EDT 2014
S-64782676	yahoo	227	render	Sun Oct 05 23:06:22 EDT 2014
S-64782676	yahoo	229	render	Sun Oct 05 23:06:22 EDT 2014
S-64782676	yahoo	231	render	Sun Oct 05 23:06:22 EDT 2014
S-64782676	yahoo	232	render	Sun Oct 05 23:06:22 EDT 2014
S-64782676	yahoo	233	render	Sun Oct 05 23:06:22 EDT 2014
S-64782676	yahoo	236	render	Sun Oct 05 23:06:22 EDT 2014
S-64782676	yahoo	237	render	Sun Oct 05 23:06:22 EDT 2014
S-64782676	yahoo	240	render	Sun Oct 05 23:06:22 EDT 2014
S-64782676	yahoo	241	render	Sun Oct 05 23:06:22 EDT 2014
S-64782676	yahoo	243	render	Sun Oct 05 23:06:22 EDT 2014
S-64782676	yahoo	245	render	Sun Oct 05 23:06:22 EDT 2014
S-64782676	yahoo	251	render	Sun Oct 05 23:06:22 EDT 2014
S-64782676	yahoo	252	render	Sun Oct 05 23:06:22 EDT 2014
S-64782676	yahoo	253	render	Sun Oct 05 23:06:22 EDT 2014
S-64782676	yahoo	255	render	Sun Oct 05 23:06:22 EDT 2014
S-64782676	yahoo	256	render	Sun Oct 05 23:06:22 EDT 2014
S-64782676	yahoo	259	render	Sun Oct 05 23:06:22 EDT 2014
S-64782676	yahoo	262	render	Sun Oct 05 23:06:22 EDT 2014
S-64782676	yahoo	264	render	Sun Oct 05 23:06:22 EDT 2014
S-64782676	yahoo	270	render	Sun Oct 05 23:06:22 EDT 2014
S-64782676	yahoo	271	render	Sun Oct 05 23:06:22 EDT 2014
S-64782676	yahoo	272	render	Sun Oct 05 23:06:22 EDT 2014
S-64782676	yahoo	274	render	Sun Oct 05 23:06:22 EDT 2014
S-64782676	yahoo	276	render	Sun Oct 05 23:06:22 EDT 2014
S-64782676	yahoo	278	render	Sun Oct 05 23:06:22 EDT 2014
S-64782676	yahoo	280	render	Sun Oct 05 23:06:22 EDT 2014
S-64782676	yahoo	281	render	Sun Oct 05 23:06:22 EDT 2014
S-64782676	yahoo	282	render	Sun Oct 05 23:06:22 EDT 2014
S-64782676	yahoo	283	render	Sun Oct 05 23:06:22 EDT 2014
S-64782676	yahoo	284	render	Sun Oct 05 23:06:22 EDT 2014
S-64782676	yahoo	286	render	Sun Oct 05 23:06:22 EDT 2014
S-64782676	yahoo	287	render	Sun Oct 05 23:06:22 EDT 2014
S-64782676	yahoo	289	render	Sun Oct 05 23:06:22 EDT 2014
S-64782676	yahoo	290	render	Sun Oct 05 23:06:22 EDT 2014
S-64782676	yahoo	291	render	Sun Oct 05 23:06:22 EDT 2014
S-64782676	yahoo	292	render	Sun Oct 05 23:06:22 EDT 2014
S-64782676	yahoo	294	render	Sun Oct 05 23:06:22 EDT 2014
S-64782676	yahoo	298	render	Sun Oct 05 23:06:22 EDT 2014
S-64782676	yahoo	299	render	Sun Oct 05 23:06:22 EDT 2014
S-64782676	yahoo	300	render	Sun Oct 05 23:06:22 EDT 2014
S-64782676	yahoo	302	render	Sun Oct 05 23:06:22 EDT 2014
S-64782676	yahoo	303	render	Sun Oct 05 23:06:22 EDT 2014
S-64782676	yahoo	305	render	Sun Oct 05 23:06:22 EDT 2014
S-64782676	yahoo	306	render	Sun Oct 05 23:06:22 EDT 2014
S-64782676	yahoo	307	render	Sun Oct 05 23:06:22 EDT 2014
S-64782676	yahoo	308	render	Sun Oct 05 23:06:22 EDT 2014
S-64782676	yahoo	309	render	Sun Oct 05 23:06:22 EDT 2014
S-64782676	yahoo	310	render	Sun Oct 05 23:06:22 EDT 2014
S-64782676	yahoo	312	render	Sun Oct 05 23:06:22 EDT 2014
S-64782676	yahoo	316	render	Sun Oct 05 23:06:22 EDT 2014
S-64782676	yahoo	318	render	Sun Oct 05 23:06:22 EDT 2014
S-64782676	yahoo	319	render	Sun Oct 05 23:06:22 EDT 2014
S-64782676	yahoo	320	render	Sun Oct 05 23:06:22 EDT 2014
S-64782676	yahoo	321	render	Sun Oct 05 23:06:22 EDT 2014
S-64782676	yahoo	322	render	Sun Oct 05 23:06:22 EDT 2014
S-64782676	yahoo	323	render	Sun Oct 05 23:06:22 EDT 2014
S-64782676	yahoo	324	render	Sun Oct 05 23:06:22 EDT 2014
S-64782676	yahoo	325	render	Sun Oct 05 23:06:22 EDT 2014
S-64782676	yahoo	327	render	Sun Oct 05 23:06:22 EDT 2014
S-64782676	yahoo	328	render	Sun Oct 05 23:06:22 EDT 2014
S-64782676	yahoo	329	render	Sun Oct 05 23:06:22 EDT 2014
S-64782676	yahoo	330	render	Sun Oct 05 23:06:22 EDT 2014
S-64782676	yahoo	331	render	Sun Oct 05 23:06:22 EDT 2014
S-64782676	yahoo	332	render	Sun Oct 05 23:06:22 EDT 2014
S-64782676	yahoo	333	render	Sun Oct 05 23:06:22 EDT 2014
S-64782676	yahoo	334	render	Sun Oct 05 23:06:22 EDT 2014
S-64782676	yahoo	335	render	Sun Oct 05 23:06:22 EDT 2014
S-64782676	yahoo	338	render	Sun Oct 05 23:06:22 EDT 2014
S-64782676	yahoo	340	render	Sun Oct 05 23:06:22 EDT 2014
S-64782676	yahoo	341	render	Sun Oct 05 23:06:22 EDT 2014
S-64782676	yahoo	342	render	Sun Oct 05 23:06:22 EDT 2014
S-64782676	yahoo	346	render	Sun Oct 05 23:06:22 EDT 2014
S-64782676	yahoo	347	render	Sun Oct 05 23:06:22 EDT 2014
S-64782676	yahoo	350	render	Sun Oct 05 23:06:22 EDT 2014
S-64782676	yahoo	352	render	Sun Oct 05 23:06:22 EDT 2014
S-64782676	yahoo	358	render	Sun Oct 05 23:06:22 EDT 2014
S-64782676	yahoo	359	render	Sun Oct 05 23:06:22 EDT 2014
S-64782676	yahoo	360	render	Sun Oct 05 23:06:22 EDT 2014
S-64782676	yahoo	362	render	Sun Oct 05 23:06:22 EDT 2014
S-64782676	yahoo	365	render	Sun Oct 05 23:06:22 EDT 2014
S-64782676	yahoo	366	render	Sun Oct 05 23:06:22 EDT 2014
S-64782676	yahoo	371	render	Sun Oct 05 23:06:22 EDT 2014
S-64782676	yahoo	372	render	Sun Oct 05 23:06:22 EDT 2014
S-64782676	yahoo	375	render	Sun Oct 05 23:06:22 EDT 2014
S-64782676	yahoo	376	render	Sun Oct 05 23:06:22 EDT 2014
S-64782676	yahoo	377	render	Sun Oct 05 23:06:22 EDT 2014
S-64782676	yahoo	378	render	Sun Oct 05 23:06:22 EDT 2014
S-64782676	yahoo	380	render	Sun Oct 05 23:06:22 EDT 2014
S-64782676	yahoo	381	render	Sun Oct 05 23:06:22 EDT 2014
S-64782676	yahoo	382	render	Sun Oct 05 23:06:22 EDT 2014
S-64782676	yahoo	383	render	Sun Oct 05 23:06:22 EDT 2014
S-64782676	yahoo	384	render	Sun Oct 05 23:06:22 EDT 2014
S-64782676	yahoo	385	render	Sun Oct 05 23:06:22 EDT 2014
S-64782676	yahoo	386	render	Sun Oct 05 23:06:22 EDT 2014
S-64782676	yahoo	387	render	Sun Oct 05 23:06:22 EDT 2014
S-64782676	yahoo	388	render	Sun Oct 05 23:06:22 EDT 2014
S-64782676	yahoo	389	render	Sun Oct 05 23:06:22 EDT 2014
S-64782676	yahoo	390	render	Sun Oct 05 23:06:22 EDT 2014
S-64782676	yahoo	391	render	Sun Oct 05 23:06:22 EDT 2014
S-64782676	yahoo	392	render	Sun Oct 05 23:06:22 EDT 2014
S-64782676	yahoo	393	render	Sun Oct 05 23:06:22 EDT 2014
S-64782676	yahoo	398	render	Sun Oct 05 23:06:22 EDT 2014
S-64782676	yahoo	399	render	Sun Oct 05 23:06:22 EDT 2014
S-64782676	yahoo	404	render	Sun Oct 05 23:06:22 EDT 2014
S-64782676	yahoo	405	render	Sun Oct 05 23:06:22 EDT 2014
S-64782676	yahoo	406	render	Sun Oct 05 23:06:22 EDT 2014
S-64782676	yahoo	407	render	Sun Oct 05 23:06:22 EDT 2014
S-64782676	yahoo	408	render	Sun Oct 05 23:06:22 EDT 2014
S-64782676	yahoo	411	render	Sun Oct 05 23:06:22 EDT 2014
S-64782676	yahoo	412	render	Sun Oct 05 23:06:22 EDT 2014
S-64782676	yahoo	413	render	Sun Oct 05 23:06:22 EDT 2014
S-64782676	yahoo	415	render	Sun Oct 05 23:06:22 EDT 2014
S-64782676	yahoo	416	render	Sun Oct 05 23:06:22 EDT 2014
S-64782676	yahoo	417	render	Sun Oct 05 23:06:22 EDT 2014
S-64782676	yahoo	418	render	Sun Oct 05 23:06:22 EDT 2014
S-64782676	yahoo	420	render	Sun Oct 05 23:06:22 EDT 2014
S-64782676	yahoo	422	render	Sun Oct 05 23:06:22 EDT 2014
S-64782676	yahoo	424	render	Sun Oct 05 23:06:22 EDT 2014
S-64782676	yahoo	425	render	Sun Oct 05 23:06:22 EDT 2014
S-64782676	yahoo	426	render	Sun Oct 05 23:06:22 EDT 2014
S-64782676	yahoo	428	render	Sun Oct 05 23:06:22 EDT 2014
S-64782676	yahoo	429	render	Sun Oct 05 23:06:22 EDT 2014
S-64782676	yahoo	430	render	Sun Oct 05 23:06:22 EDT 2014
S-64782676	yahoo	435	render	Sun Oct 05 23:06:22 EDT 2014
S-64782676	yahoo	441	render	Sun Oct 05 23:06:22 EDT 2014
S-64782676	yahoo	442	render	Sun Oct 05 23:06:22 EDT 2014
S-64782676	yahoo	443	render	Sun Oct 05 23:06:22 EDT 2014
S-64782676	yahoo	444	render	Sun Oct 05 23:06:22 EDT 2014
S-64782676	yahoo	445	render	Sun Oct 05 23:06:22 EDT 2014
S-64782676	yahoo	446	render	Sun Oct 05 23:06:22 EDT 2014
S-64782676	yahoo	447	render	Sun Oct 05 23:06:22 EDT 2014
S-64782676	yahoo	448	render	Sun Oct 05 23:06:22 EDT 2014
S-64782676	yahoo	450	render	Sun Oct 05 23:06:22 EDT 2014
S-64782676	yahoo	452	render	Sun Oct 05 23:06:22 EDT 2014
S-64782676	yahoo	453	render	Sun Oct 05 23:06:22 EDT 2014
S-64782676	yahoo	455	render	Sun Oct 05 23:06:22 EDT 2014
S-64782676	yahoo	456	render	Sun Oct 05 23:06:22 EDT 2014
S-64782676	yahoo	458	render	Sun Oct 05 23:06:22 EDT 2014
S-64782676	yahoo	460	render	Sun Oct 05 23:06:22 EDT 2014
S-64782676	yahoo	463	render	Sun Oct 05 23:06:22 EDT 2014
S-64782676	yahoo	464	render	Sun Oct 05 23:06:22 EDT 2014
S-64782676	yahoo	467	render	Sun Oct 05 23:06:22 EDT 2014
S-64782676	yahoo	468	render	Sun Oct 05 23:06:22 EDT 2014
S-64782676	yahoo	473	render	Sun Oct 05 23:06:22 EDT 2014
S-64782676	yahoo	474	render	Sun Oct 05 23:06:22 EDT 2014
S-64782676	yahoo	475	render	Sun Oct 05 23:06:22 EDT 2014
S-64782676	yahoo	477	render	Sun Oct 05 23:06:22 EDT 2014
S-64782676	yahoo	478	render	Sun Oct 05 23:06:22 EDT 2014
S-64782676	yahoo	480	render	Sun Oct 05 23:06:22 EDT 2014
S-64782676	yahoo	481	render	Sun Oct 05 23:06:22 EDT 2014
S-64782676	yahoo	483	render	Sun Oct 05 23:06:22 EDT 2014
S-64782676	yahoo	484	render	Sun Oct 05 23:06:22 EDT 2014
S-64782676	yahoo	486	render	Sun Oct 05 23:06:22 EDT 2014
S-64782676	yahoo	487	render	Sun Oct 05 23:06:22 EDT 2014
S-64782676	yahoo	488	render	Sun Oct 05 23:06:22 EDT 2014
S-64782676	yahoo	489	render	Sun Oct 05 23:06:22 EDT 2014
S-64782676	yahoo	490	render	Sun Oct 05 23:06:22 EDT 2014
S-64782676	yahoo	491	render	Sun Oct 05 23:06:22 EDT 2014
S-64782676	yahoo	494	render	Sun Oct 05 23:06:22 EDT 2014
S-64782676	yahoo	496	render	Sun Oct 05 23:06:22 EDT 2014
S-64782676	yahoo	498	render	Sun Oct 05 23:06:22 EDT 2014
S-64782676	yahoo	499	render	Sun Oct 05 23:06:22 EDT 2014
S-64782676	yahoo	501	render	Sun Oct 05 23:06:22 EDT 2014
S-64782676	yahoo	502	render	Sun Oct 05 23:06:22 EDT 2014
S-64782676	yahoo	503	render	Sun Oct 05 23:06:22 EDT 2014
S-64782676	yahoo	504	render	Sun Oct 05 23:06:22 EDT 2014
S-64782676	yahoo	505	render	Sun Oct 05 23:06:22 EDT 2014
S-64782676	yahoo	509	render	Sun Oct 05 23:06:22 EDT 2014
S-64782676	yahoo	510	render	Sun Oct 05 23:06:22 EDT 2014
S-64782676	yahoo	511	render	Sun Oct 05 23:06:22 EDT 2014
S-64782676	yahoo	513	render	Sun Oct 05 23:06:22 EDT 2014
S-64782676	yahoo	515	render	Sun Oct 05 23:06:22 EDT 2014
S-64782676	yahoo	516	render	Sun Oct 05 23:06:22 EDT 2014
S-64782676	yahoo	517	render	Sun Oct 05 23:06:22 EDT 2014
S-64782676	yahoo	521	render	Sun Oct 05 23:06:22 EDT 2014
S-64782676	yahoo	523	render	Sun Oct 05 23:06:22 EDT 2014
S-64782676	yahoo	524	render	Sun Oct 05 23:06:22 EDT 2014
S-64782676	yahoo	525	render	Sun Oct 05 23:06:22 EDT 2014
S-64782676	yahoo	526	render	Sun Oct 05 23:06:22 EDT 2014
S-64782676	yahoo	527	render	Sun Oct 05 23:06:22 EDT 2014
S-64782676	yahoo	528	render	Sun Oct 05 23:06:22 EDT 2014
S-64782676	yahoo	529	render	Sun Oct 05 23:06:22 EDT 2014
S-64782676	yahoo	530	render	Sun Oct 05 23:06:22 EDT 2014
S-64782676	yahoo	531	render	Sun Oct 05 23:06:22 EDT 2014
S-64782676	yahoo	534	render	Sun Oct 05 23:06:22 EDT 2014
S-64782676	yahoo	536	render	Sun Oct 05 23:06:22 EDT 2014
S-64782676	yahoo	537	render	Sun Oct 05 23:06:22 EDT 2014
S-64782676	yahoo	540	render	Sun Oct 05 23:06:22 EDT 2014
S-64782676	yahoo	541	render	Sun Oct 05 23:06:22 EDT 2014
S-64782676	yahoo	542	render	Sun Oct 05 23:06:22 EDT 2014
S-64782676	yahoo	543	render	Sun Oct 05 23:06:22 EDT 2014
S-64782676	yahoo	544	render	Sun Oct 05 23:06:22 EDT 2014
S-64782676	yahoo	545	render	Sun Oct 05 23:06:22 EDT 2014
S-64782676	yahoo	546	render	Sun Oct 05 23:06:22 EDT 2014
S-64782676	yahoo	547	render	Sun Oct 05 23:06:22 EDT 2014
S-64782676	yahoo	548	render	Sun Oct 05 23:06:22 EDT 2014
S-64782676	yahoo	551	render	Sun Oct 05 23:06:22 EDT 2014
S-64782676	yahoo	552	render	Sun Oct 05 23:06:22 EDT 2014
S-64782676	yahoo	553	render	Sun Oct 05 23:06:22 EDT 2014
S-64782676	yahoo	555	render	Sun Oct 05 23:06:22 EDT 2014
S-64782676	yahoo	556	render	Sun Oct 05 23:06:22 EDT 2014
S-64782676	yahoo	557	render	Sun Oct 05 23:06:22 EDT 2014
S-64782676	yahoo	558	render	Sun Oct 05 23:06:22 EDT 2014
S-64782676	yahoo	560	render	Sun Oct 05 23:06:22 EDT 2014
S-64782676	yahoo	561	render	Sun Oct 05 23:06:22 EDT 2014
S-64782676	yahoo	562	render	Sun Oct 05 23:06:22 EDT 2014
S-64782676	yahoo	563	render	Sun Oct 05 23:06:22 EDT 2014
S-64782676	yahoo	566	render	Sun Oct 05 23:06:22 EDT 2014
S-64782676	yahoo	568	render	Sun Oct 05 23:06:22 EDT 2014
S-64782676	yahoo	569	render	Sun Oct 05 23:06:22 EDT 2014
S-64782676	yahoo	570	render	Sun Oct 05 23:06:22 EDT 2014
S-64782676	yahoo	571	render	Sun Oct 05 23:06:22 EDT 2014
S-64782676	yahoo	572	render	Sun Oct 05 23:06:22 EDT 2014
S-64782676	yahoo	573	render	Sun Oct 05 23:06:22 EDT 2014
S-64782676	yahoo	576	render	Sun Oct 05 23:06:22 EDT 2014
S-64782676	yahoo	577	render	Sun Oct 05 23:06:22 EDT 2014
S-64782676	yahoo	580	render	Sun Oct 05 23:06:22 EDT 2014
S-64782676	yahoo	581	render	Sun Oct 05 23:06:22 EDT 2014
S-64782676	yahoo	582	render	Sun Oct 05 23:06:22 EDT 2014
S-64782676	yahoo	583	render	Sun Oct 05 23:06:22 EDT 2014
S-64782676	yahoo	585	render	Sun Oct 05 23:06:22 EDT 2014
S-64782676	yahoo	586	render	Sun Oct 05 23:06:22 EDT 2014
S-64782676	yahoo	587	render	Sun Oct 05 23:06:22 EDT 2014
S-64782676	yahoo	588	render	Sun Oct 05 23:06:22 EDT 2014
S-64782676	yahoo	589	render	Sun Oct 05 23:06:22 EDT 2014
S-64782676	yahoo	590	render	Sun Oct 05 23:06:22 EDT 2014
S-64782676	yahoo	591	render	Sun Oct 05 23:06:22 EDT 2014
S-64782676	yahoo	592	render	Sun Oct 05 23:06:22 EDT 2014
S-64782676	yahoo	593	render	Sun Oct 05 23:06:22 EDT 2014
S-64782676	yahoo	594	render	Sun Oct 05 23:06:22 EDT 2014
S-64782676	yahoo	596	render	Sun Oct 05 23:06:22 EDT 2014
S-64782676	yahoo	598	render	Sun Oct 05 23:06:22 EDT 2014
S-64782676	yahoo	599	render	Sun Oct 05 23:06:22 EDT 2014
S-64782676	yahoo	600	render	Sun Oct 05 23:06:22 EDT 2014
S-64782676	yahoo	601	render	Sun Oct 05 23:06:22 EDT 2014
S-64782676	yahoo	603	render	Sun Oct 05 23:06:22 EDT 2014
S-64782676	yahoo	604	render	Sun Oct 05 23:06:22 EDT 2014
S-64782676	yahoo	606	render	Sun Oct 05 23:06:22 EDT 2014
S-64782676	yahoo	609	render	Sun Oct 05 23:06:22 EDT 2014
S-64782676	yahoo	610	render	Sun Oct 05 23:06:22 EDT 2014
S-64782676	yahoo	611	render	Sun Oct 05 23:06:22 EDT 2014
S-64782676	yahoo	612	render	Sun Oct 05 23:06:22 EDT 2014
S-64782676	yahoo	614	render	Sun Oct 05 23:06:22 EDT 2014
S-64782676	yahoo	616	render	Sun Oct 05 23:06:22 EDT 2014
S-64782676	yahoo	617	render	Sun Oct 05 23:06:22 EDT 2014
S-64782676	yahoo	618	render	Sun Oct 05 23:06:22 EDT 2014
S-64782676	yahoo	619	render	Sun Oct 05 23:06:22 EDT 2014
S-64782676	yahoo	620	render	Sun Oct 05 23:06:22 EDT 2014
S-64782676	yahoo	621	render	Sun Oct 05 23:06:22 EDT 2014
S-64782676	yahoo	623	render	Sun Oct 05 23:06:22 EDT 2014
S-64782676	yahoo	629	render	Sun Oct 05 23:06:22 EDT 2014
S-64782676	yahoo	630	render	Sun Oct 05 23:06:22 EDT 2014
S-64782676	yahoo	634	render	Sun Oct 05 23:06:22 EDT 2014
S-64782676	yahoo	635	render	Sun Oct 05 23:06:22 EDT 2014
S-64782676	yahoo	641	render	Sun Oct 05 23:06:22 EDT 2014
S-64782676	yahoo	642	render	Sun Oct 05 23:06:22 EDT 2014
S-64782676	yahoo	643	render	Sun Oct 05 23:06:22 EDT 2014
S-64782676	yahoo	645	render	Sun Oct 05 23:06:22 EDT 2014
S-64782676	yahoo	651	render	Sun Oct 05 23:06:22 EDT 2014
S-64782676	yahoo	652	render	Sun Oct 05 23:06:22 EDT 2014
S-64782676	yahoo	656	render	Sun Oct 05 23:06:22 EDT 2014
S-64782676	yahoo	657	render	Sun Oct 05 23:06:22 EDT 2014
S-64782676	yahoo	653	click	Sun Oct 05 23:06:26 EDT 2014
